First Name,Last Name,Age
Chris,Wilson,47
John,Smith,19
Casey,Taylor,46
Casey,Wilson,27
John,Smith,52
Jane,Wilson,55
Taylor,Miller,20
Jordan,Miller,55
Jordan,Smith,35
Alex,Davis,19
Morgan,Davis,36
Jamie,Moore,43
Morgan,Smith,34
Taylor,Taylor,30
Jane,Jones,54
Alex,Miller,21
Jane,Johnson,26
Alex,Williams,41
Taylor,Taylor,48
Chris,Jones,19
Alex,Wilson,42
Pat,Miller,28
Casey,Brown,53
Jane,Taylor,37
Casey,Moore,33
Jordan,Smith,38
Jane,Moore,34
Morgan,Moore,58
Morgan,Moore,53
Jordan,Taylor,62
Alex,Johnson,43
Taylor,Taylor,28
Taylor,Johnson,25
Jamie,Jones,38
Chris,Brown,23
Jamie,Miller,33
Alex,Moore,34
Jordan,Taylor,18
Taylor,Moore,25
Jane,Taylor,64
Chris,Taylor,57
Alex,Brown,47
Morgan,Jones,34
Jordan,Miller,50
John,Brown,38
Morgan,Miller,26
Jamie,Jones,19
Pat,Johnson,38
Jane,Miller,43
Alex,Moore,54
Jamie,Johnson,25
Pat,Taylor,32
Taylor,Miller,29
Chris,Brown,59
Jordan,Smith,36
Casey,Brown,24
Chris,Miller,55
Jordan,Miller,60
John,Smith,26
Chris,Davis,47
Pat,Moore,51
Jane,Miller,45
Pat,Taylor,22
Chris,Wilson,26
Casey,Jones,56
Morgan,Taylor,21
Jordan,Wilson,61
Pat,Jones,55
Jamie,Moore,47
Casey,Williams,52
Chris,Smith,38
Jane,Moore,34
Jane,Moore,57
Chris,Johnson,37
Chris,Miller,34
Jamie,Brown,41
Jamie,Williams,48
Taylor,Smith,53
John,Brown,44
Jordan,Johnson,18
Chris,Taylor,51
Jane,Brown,20
Casey,Brown,22
Taylor,Johnson,38
Taylor,Smith,30
Pat,Williams,21
Taylor,Jones,33
Morgan,Davis,61
Jamie,Wilson,44
Pat,Moore,59
Taylor,Wilson,27
Jamie,Davis,36
Pat,Miller,53
Taylor,Miller,28
Chris,Jones,44
John,Jones,54
Alex,Moore,48
Taylor,Wilson,64
Jane,Davis,19
Alex,Brown,49
